차량기지,구분,호선,전철역코드,역명,수송비용,유휴공간,교통량
신정차량사업소,관악구,2,229,봉천,0.5099667774,0.005878706063,0.842507215
신정차량사업소,관악구,2,227,낙성대,0.476744186,0.02217651909,0.842507215
신정차량사업소,관악구,2,228,서울대입구,0.4933554817,0.009047150018,0.842507215
신정차량사업소,관악구,2,230,신림,0.5282392027,0.008542373408,0.842507215
군자차량사업소,중구,1,150,서울,0,0.005824345505,0.9514683302
창동차량사업소,중구,4,426,서울,0.6214511041,,0.5956364104
군자차량사업소,용산구,1,150,서울,0,0.005824345505,0.9514683302
창동차량사업소,용산구,4,426,서울,0.6214511041,,0.5956364104
군자차량사업소,중구,1,151,시청,0.141025641,0.02243408459,0.9514683302
신정차량사업소,중구,2,201,시청,0,,0.9514683302
신정차량사업소,중구,2,201,시청,0.8106312292,,0.9514683302
군자차량사업소,중구,1,151,시청,0.141025641,0.02243408459,0.9514683302
신정차량사업소,중구,2,201,시청,0,,0.9514683302
신정차량사업소,중구,2,201,시청,0.8106312292,,0.9514683302
신정차량사업소,중구,2,202,을지로입구,0.01162790698,0.09349368835,0.9514683302
신정차량사업소,중구,2,203,을지로3가,0.02491694352,0.02151901519,0.9514683302
지축차량사업소,중구,3,320,을지로3가,0.7796610169,0.007325732347,0.9514683302
신정차량사업소,중구,2,203,을지로3가,0.02491694352,0.02151901519,0.9514683302
지축차량사업소,중구,3,320,을지로3가,0.7796610169,0.007325732347,0.9514683302
신정차량사업소,중구,2,204,을지로4가,0.03488372093,0.02090810607,0.9514683302
방화차량사업소,중구,5,2536,을지로4가,0.8795986622,0.02382804461,0.9514683302
신정차량사업소,중구,2,204,을지로4가,0.03488372093,0.02090810607,0.9514683302
방화차량사업소,중구,5,2536,을지로4가,0.8795986622,0.02382804461,0.9514683302
신정차량사업소,중구,2,205,동대문역사문화공원,0.05149501661,0.029669216,0.9514683302
창동차량사업소,중구,4,422,동대문역사문화공원,0.5078864353,0.02857423905,0.9514683302
방화차량사업소,중구,5,2537,동대문역사문화공원,0.9096989967,,0.9514683302
신정차량사업소,중구,2,205,동대문역사문화공원,0.05149501661,0.029669216,0.9514683302
창동차량사업소,중구,4,422,동대문역사문화공원,0.5078864353,0.02857423905,0.9514683302
방화차량사업소,중구,5,2537,동대문역사문화공원,0.9096989967,,0.9514683302
신정차량사업소,중구,2,205,동대문역사문화공원,0.05149501661,0.029669216,0.9514683302
창동차량사업소,중구,4,422,동대문역사문화공원,0.5078864353,0.02857423905,0.9514683302
방화차량사업소,중구,5,2537,동대문역사문화공원,0.9096989967,,0.9514683302
신정차량사업소,중구,2,206,신당,0.06644518272,0.003341880021,0.9514683302
신내차량사업소,중구,6,2636,신당,0.6785714286,0.04856727572,0.9514683302
신정차량사업소,중구,2,206,신당,0.06644518272,0.003341880021,0.9514683302
신내차량사업소,중구,6,2636,신당,0.6785714286,0.04856727572,0.9514683302
지축차량사업소,중구,3,321,충무로,0.8192090395,,0.9514683302
창동차량사업소,중구,4,423,충무로,0.5488958991,0.03554145057,0.9514683302
지축차량사업소,중구,3,321,충무로,0.8192090395,,0.9514683302
창동차량사업소,중구,4,423,충무로,0.5488958991,0.03554145057,0.9514683302
지축차량사업소,중구,3,322,동대입구,0.8700564972,0.03093504043,0.9514683302
지축차량사업소,중구,3,323,약수,0.9096045198,0.004386379315,0.9514683302
신내차량사업소,중구,6,2634,약수,0.6373626374,0.009966102309,0.9514683302
지축차량사업소,중구,3,323,약수,0.9096045198,0.004386379315,0.9514683302
신내차량사업소,중구,6,2634,약수,0.6373626374,0.009966102309,0.9514683302
창동차량사업소,중구,4,424,명동,0.570977918,0.003365177403,0.9514683302
창동차량사업소,중구,4,425,회현,0.5930599369,0.01708474682,0.9514683302
방화차량사업소,중구,5,2538,청구,0.9397993311,0.01840752039,0.9514683302
신내차량사업소,중구,6,2635,청구,0.6593406593,,0.9514683302
방화차량사업소,중구,5,2538,청구,0.9397993311,0.01840752039,0.9514683302
신내차량사업소,중구,6,2635,청구,0.6593406593,,0.9514683302
신내차량사업소,중구,6,2633,버티고개,0.6181318681,0.003365177403,0.9514683302
군자차량사업소,종로구,1,152,종각,0.2692307692,0.03647205155,0.9043274139
군자차량사업소,종로구,1,153,종로3가,0.3717948718,0.01928505512,0.9043274139
지축차량사업소,종로구,3,319,종로3가,0.7457627119,0.05731155977,0.9043274139
방화차량사업소,종로구,5,2535,종로3가,0.8461538462,0.015293437,0.9043274139
군자차량사업소,종로구,1,153,종로3가,0.3717948718,0.01928505512,0.9043274139
지축차량사업소,종로구,3,319,종로3가,0.7457627119,0.05731155977,0.9043274139
방화차량사업소,종로구,5,2535,종로3가,0.8461538462,0.015293437,0.9043274139
군자차량사업소,종로구,1,153,종로3가,0.3717948718,0.01928505512,0.9043274139
지축차량사업소,종로구,3,319,종로3가,0.7457627119,0.05731155977,0.9043274139
방화차량사업소,종로구,5,2535,종로3가,0.8461538462,0.015293437,0.9043274139
군자차량사업소,종로구,1,154,종로5가,0.4871794872,0.005344160576,0.9043274139
군자차량사업소,종로구,1,155,동대문,0.5897435897,0.003686163555,0.9043274139
창동차량사업소,종로구,4,421,동대문,0.4858044164,0.0367956263,0.9043274139
군자차량사업소,종로구,1,155,동대문,0.5897435897,0.003686163555,0.9043274139
창동차량사업소,종로구,4,421,동대문,0.4858044164,0.0367956263,0.9043274139
군자차량사업소,종로구,1,159,동묘앞,0.6666666667,0.002290909232,0.9043274139
신내차량사업소,종로구,6,2637,동묘앞,0.6950549451,0.01902619532,0.9043274139
군자차량사업소,종로구,1,159,동묘앞,0.6666666667,0.002290909232,0.9043274139
신내차량사업소,종로구,6,2637,동묘앞,0.6950549451,0.01902619532,0.9043274139
지축차량사업소,종로구,3,317,경복궁,0.6271186441,0.003300462453,0.9043274139
지축차량사업소,종로구,3,318,안국,0.6892655367,0.02704567193,0.9043274139
창동차량사업소,종로구,4,420,혜화,0.4384858044,0.004848444058,0.9043274139
방화차량사업소,종로구,5,2533,서대문,0.7692307692,0.02239654992,0.9043274139
방화차량사업소,종로구,5,2534,광화문,0.8060200669,0.1268853083,0.9043274139
신내차량사업소,종로구,6,2638,창신,0.7197802198,0.003624037203,0.9043274139
군자차량사업소,동대문구,1,156,신설동,0.7564102564,,0.1694387948
신정차량사업소,동대문구,2,246,신설동,0.9003322259,,0.1694387948
군자차량사업소,동대문구,1,156,신설동,0.7564102564,,0.1694387948
신정차량사업소,동대문구,2,246,신설동,0.9003322259,,0.1694387948
군자차량사업소,동대문구,1,157,제기동,0.8717948718,,0.1694387948
군자차량사업소,동대문구,1,158,청량리,1,,0.1694387948
신정차량사업소,동대문구,2,250,용두,0.8803986711,,0.1694387948
고덕차량사업소,동대문구,5,2544,장한평,0.9,0.02356918481,0.1694387948
신정차량사업소,성동구,2,207,상왕십리,0.08139534884,0.01263235825,0.6102433417
신정차량사업소,성동구,2,208,왕십리,0.09468438538,0.02711815267,0.6102433417
고덕차량사업소,성동구,5,2541,왕십리,1,0.1040836428,0.6102433417
신정차량사업소,성동구,2,208,왕십리,0.09468438538,0.02711815267,0.6102433417
고덕차량사업소,성동구,5,2541,왕십리,1,0.1040836428,0.6102433417
신정차량사업소,성동구,2,209,한양대,0.1112956811,0.02444154234,0.6102433417
신정차량사업소,성동구,2,210,뚝섬,0.1295681063,0.01366650315,0.6102433417
신정차량사업소,성동구,2,211,성수,0.1428571429,0.02226712002,0.6102433417
신정차량사업소,성동구,2,244,용답,0.8488372093,,0.6102433417
신정차량사업소,성동구,2,245,신답,0.865448505,,0.6102433417
지축차량사업소,성동구,3,324,금호,0.9548022599,0.018535656,0.6102433417
지축차량사업소,성동구,3,325,옥수,1,0.08117066756,0.6102433417
방화차량사업소,성동구,5,2539,신금호,0.9698996656,0.008107488943,0.6102433417
방화차량사업소,성동구,5,2540,행당,1,0.02046027861,0.6102433417
고덕차량사업소,성동구,5,2542,마장,0.975862069,0.003882897004,0.6102433417
고덕차량사업소,성동구,5,2543,답십리,0.9413793103,0.03883155863,0.6102433417
신정차량사업소,광진구,2,212,건대입구,0.1627906977,0.03909300703,0.6518132049
도봉차량사업소,광진구,7,2729,건대입구,0.8225108225,0.1518212728,0.6518132049
신정차량사업소,광진구,2,212,건대입구,0.1627906977,0.03909300703,0.6518132049
도봉차량사업소,광진구,7,2729,건대입구,0.8225108225,0.1518212728,0.6518132049
신정차량사업소,광진구,2,213,구의,0.1893687708,0.01724135699,0.6518132049
신정차량사업소,광진구,2,214,강변,0.2043189369,0.01003081726,0.6518132049
고덕차량사업소,광진구,5,2545,군자,0.8482758621,0.02372061779,0.6518132049
도봉차량사업소,광진구,7,2727,군자,0.7402597403,0.06239944915,0.6518132049
고덕차량사업소,광진구,5,2545,군자,0.8482758621,0.02372061779,0.6518132049
도봉차량사업소,광진구,7,2727,군자,0.7402597403,0.06239944915,0.6518132049
고덕차량사업소,광진구,5,2546,아차산,0.8137931034,0.02481430045,0.6518132049
고덕차량사업소,광진구,5,2547,광나루,0.7620689655,0.02307993979,0.6518132049
도봉차량사업소,광진구,7,2726,중곡,0.6926406926,0.0183984603,0.6518132049
도봉차량사업소,광진구,7,2728,어린이대공원,0.7878787879,0.05781504208,0.6518132049
도봉차량사업소,광진구,7,2730,뚝섬유원지,0.8658008658,0.003868659715,0.6518132049
신정차량사업소,송파구,2,215,잠실나루,0.2342192691,0.0509254885,0.6796041578
신정차량사업소,송파구,2,216,잠실,0.2508305648,0.07368185354,0.6796041578
모란차량사업소,송파구,8,2815,잠실,0.2598870056,0.269174069,0.6796041578
신정차량사업소,송파구,2,216,잠실,0.2508305648,0.07368185354,0.6796041578
모란차량사업소,송파구,8,2815,잠실,0.2598870056,0.269174069,0.6796041578
신정차량사업소,송파구,2,217,잠실새내,0.2707641196,0.008222681555,0.6796041578
신정차량사업소,송파구,2,218,종합운동장,0.2906976744,0.03513633499,0.6796041578
김포차량사업소,송파구,9,4130,종합운동장,0.7807881773,,0.6796041578
신정차량사업소,송파구,2,218,종합운동장,0.2906976744,0.03513633499,0.6796041578
김포차량사업소,송파구,9,4130,종합운동장,0.7807881773,,0.6796041578
수서차량사업소,송파구,3,340,가락시장,0.08695652174,0.002718027902,0.6796041578
모란차량사업소,송파구,8,2818,가락시장,0.4237288136,0.02071525551,0.6796041578
수서차량사업소,송파구,3,340,가락시장,0.08695652174,0.002718027902,0.6796041578
모란차량사업소,송파구,8,2818,가락시장,0.4237288136,0.02071525551,0.6796041578
수서차량사업소,송파구,3,341,경찰병원,0.04347826087,0.01221818257,0.6796041578
수서차량사업소,송파구,3,342,오금,0,,0.6796041578
고덕차량사업소,송파구,5,2558,오금,0.09310344828,0.003543790665,0.6796041578
수서차량사업소,송파구,3,342,오금,0,,0.6796041578
고덕차량사업소,송파구,5,2558,오금,0.09310344828,0.003543790665,0.6796041578
고덕차량사업소,송파구,5,2556,올림픽공원,0.1517241379,0.004814792284,0.6796041578
김포차량사업소,송파구,9,4136,올림픽공원,0.9334975369,,0.6796041578
고덕차량사업소,송파구,5,2556,올림픽공원,0.1517241379,0.004814792284,0.6796041578
김포차량사업소,송파구,9,4136,올림픽공원,0.9334975369,,0.6796041578
고덕차량사업소,송파구,5,2557,방이,0.124137931,0.007219599829,0.6796041578
고덕차량사업소,송파구,5,2559,개롱,0.06206896552,0.005177196005,0.6796041578
고덕차량사업소,송파구,5,2560,거여,0.03103448276,0.003750878505,0.6796041578
고덕차량사업소,송파구,5,2561,마천,0,0.003882897004,0.6796041578
모란차량사업소,송파구,8,2814,몽촌토성,0.2146892655,0.004659476404,0.6796041578
모란차량사업소,송파구,8,2816,석촌,0.3276836158,0.008801233208,0.6796041578
김포차량사업소,송파구,9,4133,석촌,0.8596059113,,0.6796041578
모란차량사업소,송파구,8,2816,석촌,0.3276836158,0.008801233208,0.6796041578
김포차량사업소,송파구,9,4133,석촌,0.8596059113,,0.6796041578
모란차량사업소,송파구,8,2817,송파,0.3785310734,0.006480555099,0.6796041578
모란차량사업소,송파구,8,2819,문정,0.4745762712,0.003882897004,0.6796041578
모란차량사업소,송파구,8,2820,장지,0.5254237288,0.04376024923,0.6796041578
모란차량사업소,송파구,8,2821,복정,0.5762711864,0.006471495006,0.6796041578
김포차량사업소,송파구,9,4131,삼전,0.815270936,,0.6796041578
김포차량사업소,송파구,9,4132,석촌고분,0.8349753695,,0.6796041578
김포차량사업소,송파구,9,4134,송파나루,0.8793103448,,0.6796041578
김포차량사업소,송파구,9,4135,한성백제,0.8990147783,,0.6796041578
신정차량사업소,강남구,2,219,삼성,0.3073089701,,0.5360912592
신정차량사업소,강남구,2,220,선릉,0.3289036545,0.0405633307,0.5360912592
신정차량사업소,강남구,2,221,역삼,0.3488372093,0.08888210101,0.5360912592
신정차량사업소,강남구,2,222,강남,0.3621262458,0.0237141463,0.5360912592
수서차량사업소,강남구,3,326,압구정,1,0.01523131065,0.5360912592
수서차량사업소,강남구,3,327,신사,0.9184782609,0.04464813835,0.5360912592
수서차량사업소,강남구,3,333,매봉,0.5054347826,0.00869510069,0.5360912592
수서차량사업소,강남구,3,334,도곡,0.4619565217,0.01272554778,0.5360912592
수서차량사업소,강남구,3,335,대치,0.4184782609,,0.5360912592
수서차량사업소,강남구,3,336,학여울,0.375,,0.5360912592
수서차량사업소,강남구,3,337,대청,0.3260869565,0.006421017345,0.5360912592
수서차량사업소,강남구,3,338,일원,0.2608695652,0.1317829357,0.5360912592
수서차량사업소,강남구,3,339,수서,0.1630434783,0.02911137313,0.5360912592
도봉차량사업소,강남구,7,2731,청담,0.9523809524,0.08879926587,0.5360912592
도봉차량사업소,강남구,7,2732,강남구청,1,0.1520413037,0.5360912592
천왕차량사업소,강남구,7,2733,학동,1,0.07012123699,0.5360912592
천왕차량사업소,강남구,7,2734,논현,0.9563318777,0.07552364102,0.5360912592
김포차량사업소,강남구,9,4126,언주,0.684729064,,0.5360912592
김포차량사업소,강남구,9,4127,선정릉,0.7068965517,,0.5360912592
김포차량사업소,강남구,9,4128,삼성중앙,0.7266009852,,0.5360912592
김포차량사업소,강남구,9,4129,봉은사,0.7463054187,,0.5360912592
신정차량사업소,서초구,2,223,교대,0.3820598007,0.0247508798,0.4932431889
수서차량사업소,서초구,3,330,교대,0.7173913043,0.1036824101,0.4932431889
신정차량사업소,서초구,2,223,교대,0.3820598007,0.0247508798,0.4932431889
수서차량사업소,서초구,3,330,교대,0.7173913043,0.1036824101,0.4932431889
신정차량사업소,서초구,2,224,서초,0.3936877076,0.02393935433,0.4932431889
신정차량사업소,서초구,2,225,방배,0.4219269103,0.01579433071,0.4932431889
수서차량사업소,서초구,3,328,잠원,0.8695652174,,0.4932431889
수서차량사업소,서초구,3,329,고속터미널,0.8043478261,1,0.4932431889
천왕차량사업소,서초구,7,2736,고속터미널,0.8777292576,0.2500986903,0.4932431889
김포차량사업소,서초구,9,4123,고속터미널,0.6157635468,,
수서차량사업소,서초구,3,329,고속터미널,0.8043478261,1,0.4932431889
천왕차량사업소,서초구,7,2736,고속터미널,0.8777292576,0.2500986903,0.4932431889
김포차량사업소,서초구,9,4123,고속터미널,0.6157635468,,
수서차량사업소,서초구,3,331,남부터미널,0.6684782609,,0.4932431889
수서차량사업소,서초구,3,332,양재,0.5706521739,0.03468462463,0.4932431889
창동차량사업소,서초구,4,434,남태령,1,,0.4932431889
천왕차량사업소,서초구,7,2735,반포,0.9170305677,0.2340817402,0.4932431889
천왕차량사업소,서초구,7,2737,내방,0.7816593886,0.02950872293,0.4932431889
신정차량사업소,동작구,2,226,사당,0.4485049834,0.06513430294,0
창동차량사업소,동작구,4,433,사당,0.9305993691,0.2942524064,0
신정차량사업소,동작구,2,226,사당,0.4485049834,0.06513430294,0
창동차량사업소,동작구,4,433,사당,0.9305993691,0.2942524064,0
신정차량사업소,동작구,2,231,신대방,0.5581395349,0.03792296073,0
창동차량사업소,동작구,4,431,동작,0.8391167192,0.006050847831,0
김포차량사업소,동작구,9,4120,동작,0.5541871921,,
창동차량사업소,동작구,4,432,총신대입구,0.8958990536,0.04607057295,0
천왕차량사업소,동작구,7,2738,이수,0.7379912664,0.152908484,0
천왕차량사업소,동작구,7,2739,남성,0.6943231441,0.01426964649,0
천왕차량사업소,동작구,7,2740,숭실대입구,0.6069868996,0.03028789093,0
천왕차량사업소,동작구,7,2741,상도,0.5676855895,0.03206884635,0
천왕차량사업소,동작구,7,2742,장승배기,0.5283842795,0.009280123839,0
천왕차량사업소,동작구,7,2743,신대방삼거리,0.4759825328,0.0554671837,0
천왕차량사업소,동작구,7,2744,보라매,0.4410480349,0.01767753576,0
신정차량사업소,구로구,2,232,구로디지털단지,0.5764119601,0.03151100348,1
신정차량사업소,구로구,2,233,대림,0.5946843854,0.02103494737,1
천왕차량사업소,구로구,7,2746,대림,0.3406113537,0.05254595085,0.6840979798
신정차량사업소,영등포구,2,233,대림,0.5946843854,0.02103494737,1
천왕차량사업소,영등포구,7,2746,대림,0.3406113537,0.05254595085,0.6840979798
신정차량사업소,구로구,2,234,신도림,0.6245847176,0.05236474899,1
신정차량사업소,구로구,2,247,도림천,0.9169435216,,1
천왕차량사업소,구로구,7,2747,남구로,0.2925764192,0.03103858435,1
천왕차량사업소,구로구,7,2751,천왕,0.06550218341,0.121317234,1
천왕차량사업소,구로구,7,2752,온수,0,0.01843211208,1
신정차량사업소,영등포구,2,235,문래,0.6445182724,0.0136056711,0.6840979798
신정차량사업소,영등포구,2,236,영등포구청,0.6594684385,0.02167691967,0.6840979798
방화차량사업소,영등포구,5,2524,영등포구청,0.4581939799,0.04821652069,0.6840979798
신정차량사업소,영등포구,2,236,영등포구청,0.6594684385,0.02167691967,0.6840979798
방화차량사업소,영등포구,5,2524,영등포구청,0.4581939799,0.04821652069,0.6840979798
신정차량사업소,영등포구,2,237,당산,0.6777408638,0.02340351454,0.6840979798
김포차량사업소,영등포구,9,4113,당산,0.3571428571,,
방화차량사업소,영등포구,5,2523,양평,0.4314381271,,0.6840979798
방화차량사업소,영등포구,5,2525,영등포시장,0.4882943144,0.004827735274,0.6840979798
방화차량사업소,영등포구,5,2526,신길,0.525083612,0.009060093008,0.6840979798
방화차량사업소,영등포구,5,2527,여의도,0.5585284281,0.01961898426,0.6840979798
김포차량사업소,영등포구,9,4115,여의도,0.4162561576,,
방화차량사업소,영등포구,5,2528,여의나루,0.5919732441,0.008833590683,0.6840979798
천왕차량사업소,영등포구,7,2745,신풍,0.4017467249,0.03880567265,0.6840979798
신정차량사업소,마포구,2,238,합정,0.7109634551,0.05063685982,0.1461738201
신내차량사업소,마포구,6,2623,합정,0.3543956044,0.08528524409,0.1461738201
신정차량사업소,마포구,2,238,합정,0.7109634551,0.05063685982,0.1461738201
신내차량사업소,마포구,6,2623,합정,0.3543956044,0.08528524409,0.1461738201
신정차량사업소,마포구,2,239,홍대입구,0.7292358804,0.02740289845,0.1461738201
신정차량사업소,마포구,2,240,신촌,0.7508305648,0.02754785994,0.1461738201
신정차량사업소,마포구,2,241,이대,0.7641196013,0.01680000104,0.1461738201
신정차량사업소,마포구,2,242,아현,0.7790697674,0.01833115675,0.1461738201
방화차량사업소,마포구,5,2529,마포,0.652173913,0.02162255911,0.1461738201
방화차량사업소,마포구,5,2530,공덕,0.6789297659,0.140818437,0.1461738201
신내차량사업소,마포구,6,2627,공덕,0.4532967033,0.08671803308,0.1461738201
방화차량사업소,마포구,5,2530,공덕,0.6789297659,0.140818437,0.1461738201
신내차량사업소,마포구,6,2627,공덕,0.4532967033,0.08671803308,0.1461738201
방화차량사업소,마포구,5,2531,애오개,0.7157190635,0.004167642784,0.1461738201
신내차량사업소,마포구,6,2620,월드컵경기장,0.282967033,0.005565485705,0.1461738201
신내차량사업소,마포구,6,2621,마포구청,0.3049450549,0.03618601148,0.1461738201
신내차량사업소,마포구,6,2622,망원,0.3324175824,0.02474311401,0.1461738201
신내차량사업소,마포구,6,2624,상수,0.3763736264,0.02705084912,0.1461738201
신내차량사업소,마포구,6,2625,광흥창,0.4010989011,0.04530046504,0.1461738201
신내차량사업소,마포구,6,2626,대흥,0.4285714286,0.01445343695,0.1461738201
신정차량사업소,서대문구,2,243,충정로,0.792358804,0.007910755495,0.7768523952
방화차량사업소,서대문구,5,2532,충정로,0.745819398,0.02612801394,0.7768523952
신정차량사업소,서대문구,2,243,충정로,0.792358804,0.007910755495,0.7768523952
방화차량사업소,서대문구,5,2532,충정로,0.745819398,0.02612801394,0.7768523952
지축차량사업소,서대문구,3,314,홍제,0.4237288136,0.1865033089,0.7768523952
지축차량사업소,서대문구,3,315,무악재,0.4745762712,,0.7768523952
지축차량사업소,서대문구,3,316,독립문,0.5367231638,,0.7768523952
신정차량사업소,양천구,2,248,양천구청,0.9451827243,0.005808813917,0.5489778364
신정차량사업소,양천구,2,249,신정네거리,0.976744186,0.00549429926,0.5489778364
방화차량사업소,양천구,5,2520,신정,0.3411371237,0.008634268637,0.5489778364
방화차량사업소,양천구,5,2521,목동,0.3678929766,0.02030625703,0.5489778364
방화차량사업소,양천구,5,2522,오목교,0.397993311,0.2755018968,0.5489778364
지축차량사업소,은평구,3,310,구파발,0.08474576271,,0.837362231
지축차량사업소,은평구,3,311,연신내,0.197740113,0.0168414186,0.837362231
신내차량사업소,은평구,6,2615,연신내,0.1153846154,0.01069090975,0.837362231
지축차량사업소,은평구,3,311,연신내,0.197740113,0.0168414186,0.837362231
신내차량사업소,은평구,6,2615,연신내,0.1153846154,0.01069090975,0.837362231
지축차량사업소,은평구,3,312,불광,0.2711864407,0.02768893853,0.837362231
신내차량사업소,은평구,6,2613,불광,0.0521978022,0.009448382709,0.837362231
지축차량사업소,은평구,3,312,불광,0.2711864407,0.02768893853,0.837362231
신내차량사업소,은평구,6,2613,불광,0.0521978022,0.009448382709,0.837362231
지축차량사업소,은평구,3,313,녹번,0.3333333333,0.02311229726,0.837362231
신내차량사업소,은평구,6,2611,응암,0,0.02581349928,0.837362231
신내차량사업소,은평구,6,2611,응암,0.1813186813,0.02581349928,0.837362231
신내차량사업소,은평구,6,2612,역촌,0.03021978022,0.02297380727,0.837362231
신내차량사업소,은평구,6,2614,독바위,0.07692307692,0.01505269738,0.837362231
신내차량사업소,은평구,6,2616,구산,0.1401098901,0.01245115639,0.837362231
신내차량사업소,은평구,6,2617,새절,0.206043956,0.01614508574,0.837362231
신내차량사업소,은평구,6,2618,증산,0.2307692308,0.02239137272,0.837362231
신내차량사업소,은평구,6,2619,디지털미디어시티,0.260989011,0.09019840309,0.837362231
창동차량사업소,노원구,4,409,당고개,0,0.06068062007,0.6811878482
창동차량사업소,노원구,4,410,상계,0.03785488959,0.05010360864,0.6811878482
창동차량사업소,노원구,4,411,노원,0.06940063091,0.005799753824,0.6811878482
도봉차량사업소,노원구,7,2715,노원,0.2424242424,0.09841202456,0.6811878482
창동차량사업소,노원구,4,411,노원,0.06940063091,0.005799753824,0.6811878482
도봉차량사업소,노원구,7,2715,노원,0.2424242424,0.09841202456,0.6811878482
신내차량사업소,노원구,6,2645,석계,0.8983516484,0.05134484138,0.6811878482
신내차량사업소,노원구,6,2646,태릉입구,0.9203296703,0.05433078917,0.6811878482
도봉차량사업소,노원구,7,2719,태릉입구,0.4242424242,0.01527272821,0.6811878482
도봉차량사업소,노원구,7,2719,태릉입구,0.4242424242,0.03483476332,0.6811878482
신내차량사업소,노원구,6,2646,태릉입구,0.9203296703,0.05433078917,0.6811878482
도봉차량사업소,노원구,7,2719,태릉입구,0.4242424242,0.01527272821,0.6811878482
도봉차량사업소,노원구,7,2719,태릉입구,0.4242424242,0.03483476332,0.6811878482
신내차량사업소,노원구,6,2647,화랑대,0.9450549451,0.03101140407,0.6811878482
도봉차량사업소,노원구,7,2713,수락산,0.1298701299,0.04800166706,0.6811878482
도봉차량사업소,노원구,7,2714,마들,0.1904761905,0.1103791131,0.6811878482
도봉차량사업소,노원구,7,2716,중계,0.29004329,0.04026693623,0.6811878482
도봉차량사업소,노원구,7,2717,하계,0.3333333333,0.05052684441,0.6811878482
도봉차량사업소,노원구,7,2718,공릉,0.3896103896,0.0269485995,0.6811878482
창동차량사업소,도봉구,4,412,창동,0.1135646688,0.01197226576,0.8934023619
창동차량사업소,도봉구,4,413,쌍문,0.1545741325,0.002614483982,0.8934023619
도봉차량사업소,도봉구,7,2712,도봉산,0.06060606061,0.01527272821,0.8934023619
창동차량사업소,강북구,4,414,수유,0.2018927445,0.01531414578,
창동차량사업소,강북구,4,415,미아,0.2460567823,0.01709510121,
창동차량사업소,강북구,4,416,미아사거리,0.2933753943,,
창동차량사업소,성북구,4,417,길음,0.334384858,0.01553676521,0.6474721246
창동차량사업소,성북구,4,418,성신여대입구,0.3785488959,0.01767494716,0.6474721246
창동차량사업소,성북구,4,419,한성대입구,0.4100946372,,0.6474721246
신내차량사업소,성북구,6,2639,보문,0.7417582418,0.0141208021,0.6474721246
신내차량사업소,성북구,6,2640,안암,0.7664835165,0.0244868428,0.6474721246
신내차량사업소,성북구,6,2641,고려대,0.7884615385,0.02567889218,0.6474721246
신내차량사업소,성북구,6,2642,월곡,0.8269230769,0.02560511714,0.6474721246
신내차량사업소,성북구,6,2643,상월곡,0.8489010989,0.01726594868,0.6474721246
신내차량사업소,성북구,6,2644,돌곶이,0.8708791209,0.03051957045,0.6474721246
창동차량사업소,용산구,4,427,숙대입구,0.6529968454,0.004465331554,0.5956364104
창동차량사업소,용산구,4,428,삼각지,0.690851735,,0.5956364104
신내차량사업소,용산구,6,2629,삼각지,0.510989011,0.04866564244,0.5956364104
창동차량사업소,용산구,4,428,삼각지,0.690851735,,0.5956364104
신내차량사업소,용산구,6,2629,삼각지,0.510989011,0.04866564244,0.5956364104
창동차량사업소,용산구,4,429,신용산,0.7129337539,0.02530483977,0.5956364104
창동차량사업소,용산구,4,430,이촌,0.7539432177,0.005345454875,0.5956364104
신내차량사업소,용산구,6,2628,효창공원앞,0.478021978,0.03028659663,0.5956364104
신내차량사업소,용산구,6,2630,녹사평,0.5412087912,0.005177196005,0.5956364104
신내차량사업소,용산구,6,2631,이태원,0.5631868132,0.01009553221,0.5956364104
신내차량사업소,용산구,6,2632,한강진,0.5906593407,0.02976887703,0.5956364104
방화차량사업소,강서구,5,2511,방화,0,0.01167198839,0.6317879623
방화차량사업소,강서구,5,2512,개화산,0.03010033445,0.003882897004,0.6317879623
방화차량사업소,강서구,5,2513,김포공항,0.07023411371,0.07398471951,0.6317879623
김포차량사업소,강서구,9,4102,김포공항,0.08866995074,,
방화차량사업소,강서구,5,2514,송정,0.110367893,0.0270870895,0.6317879623
방화차량사업소,강서구,5,2515,마곡,0.1471571906,,0.6317879623
방화차량사업소,강서구,5,2516,발산,0.1872909699,0.02230853758,0.6317879623
방화차량사업소,강서구,5,2517,우장산,0.2240802676,0.02020141881,0.6317879623
방화차량사업소,강서구,5,2518,화곡,0.2575250836,0.03858823042,0.6317879623
신정차량사업소,강서구,2,200,까치산,1,,
방화차량사업소,강서구,5,2519,까치산,0.2976588629,0.03169738254,0.6317879623
고덕차량사업소,강동구,5,2548,천호,0.6931034483,0.2440620798,0.4074586191
모란차량사업소,강동구,8,2812,천호,0.07344632768,,0.4074586191
고덕차량사업소,강동구,5,2548,천호,0.6931034483,0.2440620798,0.4074586191
모란차량사업소,강동구,8,2812,천호,0.07344632768,,0.4074586191
고덕차량사업소,강동구,5,2549,강동,0.6655172414,0.0658254586,0.4074586191
고덕차량사업소,강동구,5,2550,길동,0.6344827586,0.004118459422,0.4074586191
고덕차량사업소,강동구,5,2551,굽은다리,0.6068965517,0.01764906118,0.4074586191
고덕차량사업소,강동구,5,2552,명일,0.5793103448,0.01670810581,0.4074586191
고덕차량사업소,강동구,5,2553,고덕,0.5379310345,0.01348918419,0.4074586191
고덕차량사업소,강동구,5,2554,상일동,0.5,0.008701572185,0.4074586191
고덕차량사업소,강동구,5,2555,둔촌동,0.2,0.01966169613,0.4074586191
고덕차량사업소,강동구,5,2562,강일,0.4724137931,,0.4074586191
모란차량사업소,강동구,8,2811,암사,0,0.02192154218,0.4074586191
모란차량사업소,강동구,8,2813,강동구청,0.1242937853,0.01955685791,0.4074586191
김포차량사업소,강동구,9,4137,둔촌오륜,0.9581280788,,0.4074586191
김포차량사업소,강동구,9,4138,중앙보훈병원,1,,0.4074586191
신내차량사업소,중랑구,6,2648,봉화산,0.9642857143,0.01384899931,0.5856519258
신내차량사업소,중랑구,6,2649,신내,1,,0.5856519258
도봉차량사업소,중랑구,7,2720,먹골,0.4632034632,0.0377132843,0.5856519258
도봉차량사업소,중랑구,7,2721,중화,0.5021645022,0.07459433434,0.5856519258
도봉차량사업소,중랑구,7,2722,상봉,0.5454545455,0.05249288459,0.5856519258
도봉차량사업소,중랑구,7,2723,면목,0.5800865801,0.08686040597,0.5856519258
도봉차량사업소,중랑구,7,2724,사가정,0.619047619,0.07743402634,0.5856519258
도봉차량사업소,중랑구,7,2725,용마산,0.6536796537,0.04320370066,0.5856519258
천왕차량사업소,금천구,7,2748,가산디지털단지,0.2576419214,0.02339704304,0.7855104387
김포차량사업소,강서구,9,4101,개화,0,,
김포차량사업소,강서구,9,4103,공항시장,0.1083743842,,
김포차량사업소,강서구,9,4104,신방화,0.1280788177,,
김포차량사업소,강서구,9,4105,마곡나루,0.1502463054,,
김포차량사업소,강서구,9,4106,양천향교,0.184729064,,
김포차량사업소,강서구,9,4107,가양,0.2167487685,,
김포차량사업소,강서구,9,4108,증미,0.2339901478,,
김포차량사업소,강서구,9,4109,등촌,0.2586206897,,
김포차량사업소,강서구,9,4110,염창,0.2807881773,,
김포차량사업소,양천구,9,4111,신목동,0.302955665,,
김포차량사업소,영등포구,9,4112,선유도,0.3325123153,,
김포차량사업소,영등포구,9,4114,국회의사당,0.39408867,,
김포차량사업소,영등포구,9,4116,샛강,0.4359605911,,
김포차량사업소,동작구,9,4117,노량진,0.4655172414,,
김포차량사업소,동작구,9,4118,노들,0.4926108374,,
김포차량사업소,동작구,9,4119,흑석,0.5197044335,,
김포차량사업소,서초구,9,4121,구반포,0.578817734,,
김포차량사업소,서초구,9,4122,신반포,0.5960591133,,
김포차량사업소,서초구,9,4124,사평,0.6428571429,,
김포차량사업소,서초구,9,4125,신논현,0.6650246305,,