Unnamed: 0,차량기지,호선_x,역명,전철역코드,수송비용,유휴공간,교통량,호선_y,역주소
0,군자차량사업소,1,서울,150,0.0,0.0058243455053525,0.951468330211507,1호선,중구
5,군자차량사업소,1,동대문,155,0.5897435897435898,0.0036861635553875,0.9043274139220052,1호선,종로구
4,군자차량사업소,1,종로5가,154,0.4871794871794872,0.0053441605759112,0.9043274139220052,1호선,종로구
6,군자차량사업소,1,동묘앞,159,0.6666666666666667,0.0022909092321053,0.9043274139220052,1호선,종로구
6,군자차량사업소,1,동묘앞,159,0.6666666666666667,0.0022909092321053,0.9043274139220052,6호선,종로구
7,군자차량사업소,1,신설동,156,0.7564102564102565,,0.169438794787488,1호선,동대문구
7,군자차량사업소,1,신설동,156,0.7564102564102565,,0.169438794787488,2호선,동대문구
3,군자차량사업소,1,종로3가,153,0.3717948717948718,0.0192850551177229,0.9043274139220052,5호선,종로구
3,군자차량사업소,1,종로3가,153,0.3717948717948718,0.0192850551177229,0.9043274139220052,3호선,종로구
5,군자차량사업소,1,동대문,155,0.5897435897435898,0.0036861635553875,0.9043274139220052,4호선,종로구
3,군자차량사업소,1,종로3가,153,0.3717948717948718,0.0192850551177229,0.9043274139220052,1호선,종로구
8,군자차량사업소,1,제기동,157,0.8717948717948719,,0.169438794787488,1호선,동대문구
9,군자차량사업소,1,청량리,158,1.0,,0.169438794787488,1호선,동대문구
1,군자차량사업소,1,시청,151,0.141025641025641,0.0224340845876169,0.951468330211507,2호선,중구
1,군자차량사업소,1,시청,151,0.141025641025641,0.0224340845876169,0.951468330211507,1호선,중구
0,군자차량사업소,1,서울,150,0.0,0.0058243455053525,0.951468330211507,4호선,용산구
2,군자차량사업소,1,종각,152,0.2692307692307693,0.0364720515545178,0.9043274139220052,1호선,종로구
35,신정차량사업소,2,사당,226,0.4485049833887042,0.0651343029358584,0.0,4호선,동작구
36,신정차량사업소,2,낙성대,227,0.4767441860465115,0.0221765190863802,0.8425072150362158,2호선,관악구
35,신정차량사업소,2,사당,226,0.4485049833887042,0.0651343029358584,0.0,2호선,동작구
34,신정차량사업소,2,방배,225,0.4219269102990032,0.0157943307115149,0.4932431889254218,2호선,서초구
37,신정차량사업소,2,서울대입구,228,0.4933554817275746,0.0090471500183143,0.8425072150362158,2호선,관악구
38,신정차량사업소,2,봉천,229,0.5099667774086378,0.0058787060634025,0.8425072150362158,2호선,관악구
33,신정차량사업소,2,서초,224,0.3936877076411959,0.0239393543260002,0.4932431889254218,2호선,서초구
32,신정차량사업소,2,교대,223,0.3820598006644518,0.024750879799746,0.4932431889254218,2호선,서초구
39,신정차량사업소,2,신림,230,0.5282392026578072,0.0085423734078504,0.8425072150362158,2호선,관악구
31,신정차량사업소,2,강남,222,0.362126245847176,0.0237141462997933,0.536091259154454,2호선,강남구
30,신정차량사업소,2,역삼,221,0.3488372093023255,0.0888821010096826,0.536091259154454,2호선,강남구
29,신정차량사업소,2,선릉,220,0.3289036544850498,0.0405633306972777,0.536091259154454,2호선,강남구
28,신정차량사업소,2,삼성,219,0.3073089700996677,,0.536091259154454,2호선,강남구
27,신정차량사업소,2,종합운동장,218,0.2906976744186046,0.0351363349852903,0.6796041577902294,9호선,송파구
27,신정차량사업소,2,종합운동장,218,0.2906976744186046,0.0351363349852903,0.6796041577902294,2호선,송파구
25,신정차량사업소,2,잠실,216,0.2508305647840531,0.0736818535397136,0.6796041577902294,8호선,송파구
25,신정차량사업소,2,잠실,216,0.2508305647840531,0.0736818535397136,0.6796041577902294,2호선,송파구
24,신정차량사업소,2,잠실나루,215,0.2342192691029899,0.0509254885008005,0.6796041577902294,2호선,송파구
23,신정차량사업소,2,강변,214,0.2043189368770764,0.0100308172592183,0.6518132049231067,2호선,광진구
22,신정차량사업소,2,구의,213,0.1893687707641196,0.0172413569948448,0.6518132049231067,2호선,광진구
32,신정차량사업소,2,교대,223,0.3820598006644518,0.024750879799746,0.4932431889254218,3호선,서초구
40,신정차량사업소,2,신대방,231,0.5581395348837209,0.0379229607348512,0.0,2호선,동작구
45,신정차량사업소,2,영등포구청,236,0.6594684385382059,0.021676919671921,0.6840979797898596,5호선,영등포구
42,신정차량사업소,2,대림,233,0.5946843853820597,0.0210349473673311,1.0,2호선,구로구
61,신정차량사업소,2,까치산,200,1.0,,,5호선,강서구
60,신정차량사업소,2,신정네거리,249,0.9767441860465116,0.0054942992600492,0.5489778363734295,2호선,양천구
59,신정차량사업소,2,양천구청,248,0.9451827242524916,0.0058088139173383,0.5489778363734295,2호선,양천구
58,신정차량사업소,2,도림천,247,0.9169435215946844,,1.0,2호선,구로구
56,신정차량사업소,2,용두,250,0.8803986710963454,,0.169438794787488,2호선,동대문구
55,신정차량사업소,2,신답,245,0.8654485049833887,,0.6102433416671356,2호선,성동구
54,신정차량사업소,2,용답,244,0.8488372093023255,,0.6102433416671356,2호선,성동구
52,신정차량사업소,2,충정로,243,0.7923588039867109,0.0079107554952699,0.7768523952312429,5호선,서대문구
52,신정차량사업소,2,충정로,243,0.7923588039867109,0.0079107554952699,0.7768523952312429,2호선,서대문구
51,신정차량사업소,2,아현,242,0.7790697674418603,0.0183311567538463,0.1461738200702611,2호선,마포구
50,신정차량사업소,2,이대,241,0.7641196013289036,0.0168000010354392,0.1461738200702611,2호선,마포구
49,신정차량사업소,2,신촌,240,0.7508305647840531,0.0275478599413164,0.1461738200702611,2호선,마포구
48,신정차량사업소,2,홍대입구,239,0.7292358803986709,0.0274028984531832,0.1461738200702611,2호선,마포구
47,신정차량사업소,2,합정,238,0.7109634551495015,0.0506368598235352,0.1461738200702611,6호선,마포구
47,신정차량사업소,2,합정,238,0.7109634551495015,0.0506368598235352,0.1461738200702611,2호선,마포구
46,신정차량사업소,2,당산,237,0.6777408637873753,0.0234035145395078,0.6840979797898596,2호선,영등포구
21,신정차량사업소,2,건대입구,212,0.1627906976744186,0.0390930070319264,0.6518132049231067,7호선,광진구
45,신정차량사업소,2,영등포구청,236,0.6594684385382059,0.021676919671921,0.6840979797898596,2호선,영등포구
44,신정차량사업소,2,문래,235,0.6445182724252491,0.0136056711005036,0.6840979797898596,2호선,영등포구
43,신정차량사업소,2,신도림,234,0.6245847176079734,0.0523647489901232,1.0,2호선,구로구
42,신정차량사업소,2,대림,233,0.5946843853820597,0.0210349473673311,1.0,7호선,영등포구
41,신정차량사업소,2,구로디지털단지,232,0.5764119601328903,0.0315110034829586,1.0,2호선,구로구
21,신정차량사업소,2,건대입구,212,0.1627906976744186,0.0390930070319264,0.6518132049231067,2호선,광진구
26,신정차량사업소,2,잠실새내,217,0.2707641196013289,0.0082226815545566,0.6796041577902294,2호선,송파구
19,신정차량사업소,2,뚝섬,210,0.1295681063122923,0.0136665031535595,0.6102433416671356,2호선,성동구
10,신정차량사업소,2,시청,201,0.0,,0.951468330211507,1호선,중구
14,신정차량사업소,2,동대문역사문화공원,205,0.0514950166112956,0.029669216004266,0.951468330211507,2호선,중구
10,신정차량사업소,2,시청,201,0.0,,0.951468330211507,2호선,중구
53,신정차량사업소,2,시청,201,0.8106312292358803,,0.951468330211507,1호선,중구
13,신정차량사업소,2,을지로4가,204,0.0348837209302325,0.0209081060652145,0.951468330211507,5호선,중구
13,신정차량사업소,2,을지로4가,204,0.0348837209302325,0.0209081060652145,0.951468330211507,2호선,중구
53,신정차량사업소,2,시청,201,0.8106312292358803,,0.951468330211507,2호선,중구
15,신정차량사업소,2,신당,206,0.0664451827242524,0.0033418800210711,0.951468330211507,2호선,중구
15,신정차량사업소,2,신당,206,0.0664451827242524,0.0033418800210711,0.951468330211507,6호선,중구
12,신정차량사업소,2,을지로3가,203,0.0249169435215946,0.0215190151937759,0.951468330211507,3호선,중구
14,신정차량사업소,2,동대문역사문화공원,205,0.0514950166112956,0.029669216004266,0.951468330211507,5호선,중구
14,신정차량사업소,2,동대문역사문화공원,205,0.0514950166112956,0.029669216004266,0.951468330211507,4호선,중구
12,신정차량사업소,2,을지로3가,203,0.0249169435215946,0.0215190151937759,0.951468330211507,2호선,중구
11,신정차량사업소,2,을지로입구,202,0.0116279069767441,0.0934936883509207,0.951468330211507,2호선,중구
57,신정차량사업소,2,신설동,246,0.9003322259136212,,0.169438794787488,2호선,동대문구
16,신정차량사업소,2,상왕십리,207,0.0813953488372093,0.0126323582516091,0.6102433416671356,2호선,성동구
17,신정차량사업소,2,왕십리,208,0.0946843853820598,0.0271181526729215,0.6102433416671356,2호선,성동구
17,신정차량사업소,2,왕십리,208,0.0946843853820598,0.0271181526729215,0.6102433416671356,5호선,성동구
57,신정차량사업소,2,신설동,246,0.9003322259136212,,0.169438794787488,1호선,동대문구
20,신정차량사업소,2,성수,211,0.1428571428571428,0.0222671200164634,0.6102433416671356,2호선,성동구
18,신정차량사업소,2,한양대,209,0.1112956810631229,0.0244415423384617,0.6102433416671356,2호선,성동구
72,지축차량사업소,3,종로3가,319,0.7457627118644068,0.0573115597726693,0.9043274139220052,1호선,종로구
72,지축차량사업소,3,종로3가,319,0.7457627118644068,0.0573115597726693,0.9043274139220052,3호선,종로구
72,지축차량사업소,3,종로3가,319,0.7457627118644068,0.0573115597726693,0.9043274139220052,5호선,종로구
81,수서차량사업소,3,잠원,328,0.8695652173913044,,0.4932431889254218,3호선,서초구
82,수서차량사업소,3,고속터미널,329,0.8043478260869567,1.0,0.4932431889254218,7호선,서초구
82,수서차량사업소,3,고속터미널,329,0.8043478260869567,1.0,0.4932431889254218,3호선,서초구
63,지축차량사업소,3,구파발,310,0.0847457627118644,,0.8373622309937054,3호선,은평구
84,수서차량사업소,3,남부터미널,331,0.6684782608695653,,0.4932431889254218,3호선,서초구
76,지축차량사업소,3,약수,323,0.9096045197740114,0.004386379315031,0.951468330211507,6호선,중구
74,지축차량사업소,3,충무로,321,0.8192090395480226,,0.951468330211507,4호선,중구
74,지축차량사업소,3,충무로,321,0.8192090395480226,,0.951468330211507,3호선,중구
71,지축차량사업소,3,안국,318,0.6892655367231638,0.0270456719288549,0.9043274139220052,3호선,종로구
70,지축차량사업소,3,경복궁,317,0.6271186440677966,0.0033004624530331,0.9043274139220052,3호선,종로구
69,지축차량사업소,3,독립문,316,0.536723163841808,,0.7768523952312429,3호선,서대문구
68,지축차량사업소,3,무악재,315,0.4745762711864407,,0.7768523952312429,3호선,서대문구
67,지축차량사업소,3,홍제,314,0.423728813559322,0.1865033088753965,0.7768523952312429,3호선,서대문구
66,지축차량사업소,3,녹번,313,0.3333333333333333,0.0231122972642402,0.8373622309937054,3호선,은평구
77,지축차량사업소,3,금호,324,0.9548022598870056,0.0185356559960342,0.6102433416671356,3호선,성동구
78,지축차량사업소,3,옥수,325,1.0,0.0811706675605958,0.6102433416671356,3호선,성동구
65,지축차량사업소,3,불광,312,0.2711864406779661,0.0276889385324461,0.8373622309937054,6호선,은평구
65,지축차량사업소,3,불광,312,0.2711864406779661,0.0276889385324461,0.8373622309937054,3호선,은평구
79,수서차량사업소,3,압구정,326,1.0,0.0152313106459975,0.536091259154454,3호선,강남구
80,수서차량사업소,3,신사,327,0.9184782608695652,0.0446481383450316,0.536091259154454,3호선,강남구
64,지축차량사업소,3,연신내,311,0.1977401129943503,0.0168414186034772,0.8373622309937054,6호선,은평구
64,지축차량사업소,3,연신내,311,0.1977401129943503,0.0168414186034772,0.8373622309937054,3호선,은평구
62,지축차량사업소,3,지축,309,0.0,,,3호선,고양시
85,수서차량사업소,3,양재,332,0.5706521739130436,0.0346846246338751,0.4932431889254218,3호선,서초구
88,수서차량사업소,3,대치,335,0.4184782608695653,,0.536091259154454,3호선,강남구
75,지축차량사업소,3,동대입구,322,0.8700564971751412,0.0309350404274293,0.951468330211507,3호선,중구
83,수서차량사업소,3,교대,330,0.7173913043478262,0.1036824100882841,0.4932431889254218,2호선,서초구
83,수서차량사업소,3,교대,330,0.7173913043478262,0.1036824100882841,0.4932431889254218,3호선,서초구
93,수서차량사업소,3,가락시장,340,0.0869565217391305,0.0027180279024978,0.6796041577902294,3호선,송파구
93,수서차량사업소,3,가락시장,340,0.0869565217391305,0.0027180279024978,0.6796041577902294,8호선,송파구
92,수서차량사업소,3,수서,339,0.1630434782608695,0.0291113731347533,0.536091259154454,3호선,강남구
91,수서차량사업소,3,일원,338,0.2608695652173915,0.1317829357031085,0.536091259154454,3호선,강남구
76,지축차량사업소,3,약수,323,0.9096045197740114,0.004386379315031,0.951468330211507,3호선,중구
94,수서차량사업소,3,경찰병원,341,0.0434782608695654,0.0122181825712285,0.6796041577902294,3호선,송파구
73,지축차량사업소,3,을지로3가,320,0.7796610169491526,0.0073257323467323,0.951468330211507,2호선,중구
73,지축차량사업소,3,을지로3가,320,0.7796610169491526,0.0073257323467323,0.951468330211507,3호선,중구
89,수서차량사업소,3,학여울,336,0.375,,0.536091259154454,3호선,강남구
87,수서차량사업소,3,도곡,334,0.4619565217391305,0.0127255477796947,0.536091259154454,3호선,강남구
95,수서차량사업소,3,오금,342,0.0,,0.6796041577902294,3호선,송파구
95,수서차량사업소,3,오금,342,0.0,,0.6796041577902294,5호선,송파구
86,수서차량사업소,3,매봉,333,0.5054347826086958,0.0086951006899908,0.536091259154454,3호선,강남구
90,수서차량사업소,3,대청,337,0.3260869565217391,0.0064210173449009,0.536091259154454,3호선,강남구
100,창동차량사업소,4,쌍문,413,0.1545741324921135,0.0026144839824027,0.893402361869237,4호선,도봉구
98,창동차량사업소,4,노원,411,0.0694006309148265,0.0057997538243299,0.6811878481908147,7호선,노원구
99,창동차량사업소,4,창동,412,0.113564668769716,0.0119722657610025,0.893402361869237,4호선,도봉구
98,창동차량사업소,4,노원,411,0.0694006309148265,0.0057997538243299,0.6811878481908147,4호선,노원구
97,창동차량사업소,4,상계,410,0.0378548895899053,0.0501036086350452,0.6811878481908147,4호선,노원구
96,창동차량사업소,4,당고개,409,0.0,0.0606806200727654,0.6811878481908147,4호선,노원구
101,창동차량사업소,4,수유,414,0.2018927444794952,0.0153141457820737,,4호선,강북구
114,창동차량사업소,4,숙대입구,427,0.6529968454258674,0.0044653315541036,0.5956364104089458,4호선,용산구
103,창동차량사업소,4,미아사거리 ,416,0.2933753943217665,,,4호선,강북구
115,창동차량사업소,4,삼각지,428,0.6908517350157728,,0.5956364104089458,4호선,용산구
106,창동차량사업소,4,한성대입구,419,0.4100946372239747,,0.6474721246372384,4호선,성북구
121,창동차량사업소,4,남태령,434,1.0,,0.4932431889254218,4호선,서초구
119,창동차량사업소,4,총신대입구,432,0.8958990536277601,0.0460705729473388,0.0,4호선,동작구
107,창동차량사업소,4,혜화,420,0.4384858044164038,0.0048484440584557,0.9043274139220052,4호선,종로구
111,창동차량사업소,4,명동,424,0.5709779179810726,0.0033651774030925,0.951468330211507,4호선,중구
112,창동차량사업소,4,회현,425,0.5930599369085173,0.0170847468157008,0.951468330211507,4호선,중구
118,창동차량사업소,4,동작,431,0.8391167192429022,0.0060508478305607,0.0,4호선,동작구
117,창동차량사업소,4,이촌,430,0.753943217665615,0.0053454548749124,0.5956364104089458,4호선,용산구
116,창동차량사업소,4,신용산,429,0.7129337539432177,0.0253048397722551,0.5956364104089458,4호선,용산구
115,창동차량사업소,4,삼각지,428,0.6908517350157728,,0.5956364104089458,6호선,용산구
102,창동차량사업소,4,미아,415,0.2460567823343848,0.0170951012077104,,4호선,강북구
104,창동차량사업소,4,길음,417,0.334384858044164,0.0155367652102782,0.6474721246372384,4호선,성북구
105,창동차량사업소,4,성신여대입구,418,0.3785488958990536,0.0176749471602432,0.6474721246372384,4호선,성북구
110,창동차량사업소,4,충무로,423,0.5488958990536277,0.0355414505726626,0.951468330211507,3호선,중구
120,창동차량사업소,4,사당,433,0.9305993690851736,0.2942524064254179,0.0,2호선,동작구
120,창동차량사업소,4,사당,433,0.9305993690851736,0.2942524064254179,0.0,4호선,동작구
109,창동차량사업소,4,동대문역사문화공원,422,0.5078864353312303,0.0285742390492597,0.951468330211507,5호선,중구
109,창동차량사업소,4,동대문역사문화공원,422,0.5078864353312303,0.0285742390492597,0.951468330211507,4호선,중구
113,창동차량사업소,4,서울,426,0.6214511041009463,,0.5956364104089458,1호선,중구
108,창동차량사업소,4,동대문,421,0.4858044164037854,0.0367956263048151,0.9043274139220052,4호선,종로구
108,창동차량사업소,4,동대문,421,0.4858044164037854,0.0367956263048151,0.9043274139220052,1호선,종로구
109,창동차량사업소,4,동대문역사문화공원,422,0.5078864353312303,0.0285742390492597,0.951468330211507,2호선,중구
113,창동차량사업소,4,서울,426,0.6214511041009463,,0.5956364104089458,4호선,용산구
110,창동차량사업소,4,충무로,423,0.5488958990536277,0.0355414505726626,0.951468330211507,4호선,중구
129,방화차량사업소,5,화곡,2518,0.2575250836120401,0.0385882304214625,0.6317879623451481,5호선,강서구
149,방화차량사업소,5,청구,2538,0.939799331103679,0.0184075203949165,0.951468330211507,5호선,중구
145,방화차량사업소,5,광화문,2534,0.8060200668896321,0.1268853082826076,0.9043274139220052,5호선,종로구
144,방화차량사업소,5,서대문,2533,0.7692307692307692,0.0223965499165824,0.9043274139220052,5호선,종로구
142,방화차량사업소,5,애오개,2531,0.7157190635451505,0.00416764278383,0.1461738200702611,5호선,마포구
141,방화차량사업소,5,공덕,2530,0.6789297658862876,0.1408184370304121,0.1461738200702611,6호선,마포구
141,방화차량사업소,5,공덕,2530,0.6789297658862876,0.1408184370304121,0.1461738200702611,5호선,마포구
140,방화차량사업소,5,마포,2529,0.6521739130434783,0.0216225591138711,0.1461738200702611,5호선,마포구
125,방화차량사업소,5,송정,2514,0.1103678929765886,0.027087089496893,0.6317879623451481,5호선,강서구
139,방화차량사업소,5,여의나루,2528,0.5919732441471571,0.008833590683118,0.6840979797898596,5호선,영등포구
138,방화차량사업소,5,여의도,2527,0.5585284280936454,0.0196189842600298,0.6840979797898596,5호선,영등포구
126,방화차량사업소,5,마곡,2515,0.1471571906354515,,0.6317879623451481,5호선,강서구
137,방화차량사업소,5,신길,2526,0.5250836120401338,0.0090600930083262,0.6840979797898596,5호선,영등포구
127,방화차량사업소,5,발산,2516,0.1872909698996655,0.0223085375845015,0.6317879623451481,5호선,강서구
136,방화차량사업소,5,영등포시장,2525,0.4882943143812708,0.0048277352744366,0.6840979797898596,5호선,영등포구
134,방화차량사업소,5,양평,2523,0.431438127090301,,0.6840979797898596,5호선,영등포구
133,방화차량사업소,5,오목교,2522,0.3979933110367893,0.2755018967951863,0.5489778363734295,5호선,양천구
132,방화차량사업소,5,목동,2521,0.3678929765886287,0.0203062570296614,0.5489778363734295,5호선,양천구
128,방화차량사업소,5,우장산,2517,0.2240802675585284,0.0202014188105651,0.6317879623451481,5호선,강서구
131,방화차량사업소,5,신정,2520,0.3411371237458193,0.0086342686369348,0.5489778363734295,5호선,양천구
149,방화차량사업소,5,청구,2538,0.939799331103679,0.0184075203949165,0.951468330211507,6호선,중구
151,방화차량사업소,5,행당,2540,1.0,0.0204602786108029,0.6102433416671356,5호선,성동구
153,고덕차량사업소,5,마장,2542,0.9758620689655172,0.0038828970035683,0.6102433416671356,5호선,성동구
177,고덕차량사업소,5,마천,2561,0.0,0.0038828970035683,0.6796041577902294,5호선,송파구
176,고덕차량사업소,5,거여,2560,0.0310344827586206,0.003750878505447,0.6796041577902294,5호선,송파구
173,고덕차량사업소,5,방이,2557,0.1241379310344825,0.0072195998286348,0.6796041577902294,5호선,송파구
172,고덕차량사업소,5,올림픽공원,2556,0.1517241379310344,0.0048147922844247,0.6796041577902294,9호선,송파구
172,고덕차량사업소,5,올림픽공원,2556,0.1517241379310344,0.0048147922844247,0.6796041577902294,5호선,송파구
171,고덕차량사업소,5,둔촌동,2555,0.1999999999999999,0.0196616961270691,0.4074586190541267,5호선,강동구
170,고덕차량사업소,5,하남검단산,2566,0.2413793103448276,,,5호선,하남시
169,고덕차량사업소,5,하남시청,2565,0.2965517241379309,,,5호선,하남시
168,고덕차량사업소,5,하남풍산,2564,0.3413793103448276,,,5호선,하남시
167,고덕차량사업소,5,미사,2563,0.4137931034482759,,,5호선,하남시
166,고덕차량사업소,5,강일,2562,0.4724137931034482,,0.4074586190541267,5호선,강동구
165,고덕차량사업소,5,상일동,2554,0.5000000000000001,0.0087015721849967,0.4074586190541267,5호선,강동구
164,고덕차량사업소,5,고덕,2553,0.5379310344827585,0.0134891841903965,0.4074586190541267,5호선,강동구
163,고덕차량사업소,5,명일,2552,0.5793103448275863,0.0167081058063547,0.4074586190541267,5호선,강동구
162,고덕차량사업소,5,굽은다리,2551,0.6068965517241378,0.0176490611802194,0.4074586190541267,5호선,강동구
161,고덕차량사업소,5,길동,2550,0.6344827586206897,0.0041184594217848,0.4074586190541267,5호선,강동구
160,고덕차량사업소,5,강동,2549,0.6655172413793103,0.0658254586024936,0.4074586190541267,5호선,강동구
159,고덕차량사업소,5,천호,2548,0.693103448275862,0.244062079757293,0.4074586190541267,8호선,강동구
159,고덕차량사업소,5,천호,2548,0.693103448275862,0.244062079757293,0.4074586190541267,5호선,강동구
158,고덕차량사업소,5,광나루,2547,0.7620689655172413,0.0230799397892104,0.6518132049231067,5호선,광진구
157,고덕차량사업소,5,아차산,2546,0.8137931034482758,0.0248143004508043,0.6518132049231067,5호선,광진구
156,고덕차량사업소,5,군자,2545,0.8482758620689654,0.0237206177947992,0.6518132049231067,7호선,광진구
156,고덕차량사업소,5,군자,2545,0.8482758620689654,0.0237206177947992,0.6518132049231067,5호선,광진구
155,고덕차량사업소,5,장한평,2544,0.9,0.02356918481166,0.169438794787488,5호선,동대문구
154,고덕차량사업소,5,답십리,2543,0.9413793103448276,0.0388315586336862,0.6102433416671356,5호선,성동구
150,방화차량사업소,5,신금호,2539,0.9698996655518394,0.0081074889434507,0.6102433416671356,5호선,성동구
124,방화차량사업소,5,김포공항,2513,0.0702341137123745,0.0739847195059919,0.6317879623451481,5호선,강서구
175,고덕차량사업소,5,개롱,2559,0.0620689655172412,0.0051771960047578,0.6796041577902294,5호선,송파구
122,방화차량사업소,5,방화,2511,0.0,0.0116719883927265,0.6317879623451481,5호선,강서구
143,방화차량사업소,5,충정로,2532,0.745819397993311,0.0261280139370116,0.7768523952312429,2호선,서대문구
135,방화차량사업소,5,영등포구청,2524,0.4581939799331103,0.0482165206913109,0.6840979797898596,5호선,영등포구
135,방화차량사업소,5,영등포구청,2524,0.4581939799331103,0.0482165206913109,0.6840979797898596,2호선,영등포구
174,고덕차량사업소,5,오금,2558,0.0931034482758619,0.0035437906652567,0.6796041577902294,3호선,송파구
174,고덕차량사업소,5,오금,2558,0.0931034482758619,0.0035437906652567,0.6796041577902294,5호선,송파구
143,방화차량사업소,5,충정로,2532,0.745819397993311,0.0261280139370116,0.7768523952312429,5호선,서대문구
152,고덕차량사업소,5,왕십리,2541,1.0,0.1040836427786528,0.6102433416671356,5호선,성동구
152,고덕차량사업소,5,왕십리,2541,1.0,0.1040836427786528,0.6102433416671356,2호선,성동구
148,방화차량사업소,5,동대문역사문화공원,2537,0.9096989966555185,,0.951468330211507,5호선,중구
148,방화차량사업소,5,동대문역사문화공원,2537,0.9096989966555185,,0.951468330211507,4호선,중구
148,방화차량사업소,5,동대문역사문화공원,2537,0.9096989966555185,,0.951468330211507,2호선,중구
130,방화차량사업소,5,까치산,2519,0.2976588628762542,0.0316973825391299,0.6317879623451481,5호선,강서구
147,방화차량사업소,5,을지로4가,2536,0.8795986622073578,0.0238280446118979,0.951468330211507,5호선,중구
147,방화차량사업소,5,을지로4가,2536,0.8795986622073578,0.0238280446118979,0.951468330211507,2호선,중구
146,방화차량사업소,5,종로3가,2535,0.8461538461538461,0.0152934369980546,0.9043274139220052,3호선,종로구
146,방화차량사업소,5,종로3가,2535,0.8461538461538461,0.0152934369980546,0.9043274139220052,5호선,종로구
146,방화차량사업소,5,종로3가,2535,0.8461538461538461,0.0152934369980546,0.9043274139220052,1호선,종로구
123,방화차량사업소,5,개화산,2512,0.0301003344481605,0.0038828970035683,0.6317879623451481,5호선,강서구
186,신내차량사업소,6,증산,2618,0.2307692307692307,0.0223913727205776,0.8373622309937054,6호선,은평구
185,신내차량사업소,6,새절,2617,0.206043956043956,0.0161450857408373,0.8373622309937054,6호선,은평구
183,신내차량사업소,6,구산,2616,0.14010989010989,0.0124511563914426,0.8373622309937054,6호선,은평구
181,신내차량사업소,6,독바위,2614,0.0769230769230769,0.0150526973838334,0.8373622309937054,6호선,은평구
179,신내차량사업소,6,역촌,2612,0.0302197802197802,0.0229738072711129,0.8373622309937054,6호선,은평구
216,신내차량사업소,6,봉화산,2648,0.9642857142857144,0.0138489993127272,0.585651925751449,6호선,중랑구
184,신내차량사업소,6,응암,2611,0.1813186813186813,0.0258134992797226,0.8373622309937054,6호선,은평구
178,신내차량사업소,6,응암,2611,0.0,0.0258134992797226,0.8373622309937054,6호선,은평구
202,신내차량사업소,6,약수,2634,0.6373626373626373,0.0099661023091588,0.951468330211507,3호선,중구
202,신내차량사업소,6,약수,2634,0.6373626373626373,0.0099661023091588,0.951468330211507,6호선,중구
180,신내차량사업소,6,불광,2613,0.0521978021978021,0.009448382708683,0.8373622309937054,6호선,은평구
180,신내차량사업소,6,불광,2613,0.0521978021978021,0.009448382708683,0.8373622309937054,3호선,은평구
182,신내차량사업소,6,연신내,2615,0.1153846153846153,0.0106909097498249,0.8373622309937054,6호선,은평구
217,신내차량사업소,6,신내,2649,1.0,,0.585651925751449,6호선,중랑구
187,신내차량사업소,6,디지털미디어시티,2619,0.260989010989011,0.0901984030938923,0.8373622309937054,6호선,은평구
188,신내차량사업소,6,월드컵경기장,2620,0.2829670329670329,0.0055654857051146,0.1461738200702611,6호선,마포구
192,신내차량사업소,6,상수,2624,0.3763736263736263,0.0270508491248597,0.1461738200702611,6호선,마포구
190,신내차량사업소,6,망원,2622,0.3324175824175824,0.0247431140057389,0.1461738200702611,6호선,마포구
211,신내차량사업소,6,상월곡,2643,0.8489010989010989,0.0172659486758674,0.6474721246372384,6호선,성북구
213,신내차량사업소,6,석계,2645,0.8983516483516484,0.0513448413771859,0.6811878481908147,6호선,노원구
210,신내차량사업소,6,월곡,2642,0.826923076923077,0.0256051171405311,0.6474721246372384,6호선,성북구
209,신내차량사업소,6,고려대,2641,0.7884615384615384,0.0256788921835989,0.6474721246372384,6호선,성북구
208,신내차량사업소,6,안암,2640,0.7664835164835164,0.0244868428035034,0.6474721246372384,6호선,성북구
207,신내차량사업소,6,보문,2639,0.7417582417582418,0.014120802102977,0.6474721246372384,6호선,성북구
206,신내차량사업소,6,창신,2638,0.7197802197802198,0.0036240372033304,0.9043274139220052,6호선,종로구
189,신내차량사업소,6,마포구청,2621,0.3049450549450549,0.0361860114752549,0.1461738200702611,6호선,마포구
201,신내차량사업소,6,버티고개,2633,0.6181318681318682,0.0033651774030925,0.951468330211507,6호선,중구
200,신내차량사업소,6,한강진,2632,0.5906593406593407,0.0297688770273576,0.5956364104089458,6호선,용산구
199,신내차량사업소,6,이태원,2631,0.5631868131868132,0.0100955322092777,0.5956364104089458,6호선,용산구
215,신내차량사업소,6,화랑대,2647,0.945054945054945,0.0310114040684994,0.6811878481908147,6호선,노원구
196,신내차량사업소,6,효창공원앞,2628,0.478021978021978,0.0302865966278333,0.5956364104089458,6호선,용산구
194,신내차량사업소,6,대흥,2626,0.4285714285714285,0.0144534369462827,0.1461738200702611,6호선,마포구
193,신내차량사업소,6,광흥창,2625,0.401098901098901,0.0453004650416311,0.1461738200702611,6호선,마포구
212,신내차량사업소,6,돌곶이,2644,0.8708791208791209,0.0305195704480474,0.6474721246372384,6호선,성북구
214,신내차량사업소,6,태릉입구,2646,0.9203296703296704,0.05433078917293,0.6811878481908147,6호선,노원구
198,신내차량사업소,6,녹사평,2630,0.5412087912087912,0.0051771960047578,0.5956364104089458,6호선,용산구
214,신내차량사업소,6,태릉입구,2646,0.9203296703296704,0.05433078917293,0.6811878481908147,7호선,노원구
203,신내차량사업소,6,청구,2635,0.6593406593406593,,0.951468330211507,6호선,중구
195,신내차량사업소,6,공덕,2627,0.4532967032967033,0.0867180330796938,0.1461738200702611,6호선,마포구
195,신내차량사업소,6,공덕,2627,0.4532967032967033,0.0867180330796938,0.1461738200702611,5호선,마포구
182,신내차량사업소,6,연신내,2615,0.1153846153846153,0.0106909097498249,0.8373622309937054,3호선,은평구
204,신내차량사업소,6,신당,2636,0.6785714285714285,0.0485672757206333,0.951468330211507,2호선,중구
205,신내차량사업소,6,동묘앞,2637,0.695054945054945,0.019026195317485,0.9043274139220052,6호선,종로구
205,신내차량사업소,6,동묘앞,2637,0.695054945054945,0.019026195317485,0.9043274139220052,1호선,종로구
204,신내차량사업소,6,신당,2636,0.6785714285714285,0.0485672757206333,0.951468330211507,6호선,중구
197,신내차량사업소,6,삼각지,2629,0.5109890109890111,0.0486656424447237,0.5956364104089458,4호선,용산구
191,신내차량사업소,6,합정,2623,0.3543956043956044,0.0852852440853771,0.1461738200702611,2호선,마포구
191,신내차량사업소,6,합정,2623,0.3543956043956044,0.0852852440853771,0.1461738200702611,6호선,마포구
197,신내차량사업소,6,삼각지,2629,0.5109890109890111,0.0486656424447237,0.5956364104089458,6호선,용산구
203,신내차량사업소,6,청구,2635,0.6593406593406593,,0.951468330211507,5호선,중구
231,도봉차량사업소,7,면목,2723,0.5800865800865801,0.0868604059698247,0.585651925751449,7호선,중랑구
232,도봉차량사업소,7,사가정,2724,0.6190476190476191,0.0774340263441618,0.585651925751449,7호선,중랑구
229,도봉차량사업소,7,중화,2721,0.5021645021645021,0.0745943343355522,0.585651925751449,7호선,중랑구
233,도봉차량사업소,7,용마산,2725,0.6536796536796536,0.0432037006597042,0.585651925751449,7호선,중랑구
234,도봉차량사업소,7,중곡,2726,0.6926406926406926,0.0183984603019081,0.6518132049231067,7호선,광진구
236,도봉차량사업소,7,어린이대공원,2728,0.7878787878787878,0.057815042084132,0.6518132049231067,7호선,광진구
228,도봉차량사업소,7,먹골,2720,0.4632034632034632,0.0377132842966585,0.585651925751449,7호선,중랑구
225,도봉차량사업소,7,공릉,2718,0.3896103896103896,0.0269485995037657,0.6811878481908147,7호선,노원구
224,도봉차량사업소,7,하계,2717,0.3333333333333333,0.0505268444084341,0.6811878481908147,7호선,노원구
238,도봉차량사업소,7,뚝섬유원지,2730,0.8658008658008658,0.0038686597145552,0.6518132049231067,7호선,광진구
230,도봉차량사업소,7,상봉,2722,0.5454545454545454,0.0524928845912409,0.585651925751449,7호선,중랑구
244,천왕차량사업소,7,고속터미널,2736,0.8777292576419214,0.2500986902988407,0.4932431889254218,3호선,서초구
223,도봉차량사업소,7,중계,2716,0.29004329004329,0.0402669362260053,0.6811878481908147,7호선,노원구
260,천왕차량사업소,7,온수,2752,0.0,0.0184321120759391,1.0,7호선,구로구
259,천왕차량사업소,7,천왕,2751,0.0655021834061135,0.1213172339794905,1.0,7호선,구로구
258,천왕차량사업소,7,광명사거리,2750,0.1397379912663753,0.0372991086162778,,7호선,광명시
257,천왕차량사업소,7,철산,2749,0.1965065502183406,0.0337307262699985,,7호선,광명시
256,천왕차량사업소,7,가산디지털단지,2748,0.2576419213973799,0.0233970430445018,0.78551043869028,7호선,금천구
255,천왕차량사업소,7,남구로,2747,0.2925764192139736,0.0310385843475244,1.0,7호선,구로구
253,천왕차량사업소,7,신풍,2745,0.4017467248908296,0.0388056726536624,0.6840979797898596,7호선,영등포구
252,천왕차량사업소,7,보라매,2744,0.4410480349344979,0.0176775357582456,0.0,7호선,동작구
239,도봉차량사업소,7,청담,2731,0.9523809523809524,0.0887992658736065,0.536091259154454,7호선,강남구
251,천왕차량사업소,7,신대방삼거리,2743,0.4759825327510917,0.0554671836959743,0.0,7호선,동작구
249,천왕차량사업소,7,상도,2741,0.5676855895196508,0.0320688463524712,0.0,7호선,동작구
248,천왕차량사업소,7,숭실대입구,2740,0.6069868995633187,0.0302878909268345,0.0,7호선,동작구
247,천왕차량사업소,7,남성,2739,0.6943231441048036,0.0142696464881138,0.0,7호선,동작구
246,천왕차량사업소,7,이수,2738,0.7379912663755459,0.1529084840005229,0.0,7호선,동작구
245,천왕차량사업소,7,내방,2737,0.7816593886462883,0.0295087229281185,0.4932431889254218,7호선,서초구
242,천왕차량사업소,7,논현,2734,0.9563318777292577,0.0755236410184062,0.536091259154454,7호선,강남구
241,천왕차량사업소,7,학동,2733,1.0,0.0701212369874414,0.536091259154454,7호선,강남구
240,도봉차량사업소,7,강남구청,2732,1.0,0.1520413036697259,0.536091259154454,7호선,강남구
250,천왕차량사업소,7,장승배기,2742,0.5283842794759827,0.0092801238385284,0.0,7호선,동작구
221,도봉차량사업소,7,마들,2714,0.1904761904761905,0.1103791131204384,0.6811878481908147,7호선,노원구
243,천왕차량사업소,7,반포,2735,0.9170305676855895,0.2340817401591211,0.4932431889254218,7호선,서초구
219,도봉차량사업소,7,도봉산,2712,0.0606060606060606,0.0152727282140356,0.893402361869237,7호선,도봉구
235,도봉차량사업소,7,군자,2727,0.7402597402597403,0.0623994491463451,0.6518132049231067,5호선,광진구
254,천왕차량사업소,7,대림,2746,0.3406113537117903,0.0525459508502897,0.6840979797898596,2호선,구로구
254,천왕차량사업소,7,대림,2746,0.3406113537117903,0.0525459508502897,0.6840979797898596,7호선,영등포구
244,천왕차량사업소,7,고속터미널,2736,0.8777292576419214,0.2500986902988407,0.4932431889254218,7호선,서초구
220,도봉차량사업소,7,수락산,2713,0.1298701298701298,0.0480016670571135,0.6811878481908147,7호선,노원구
237,도봉차량사업소,7,건대입구,2729,0.8225108225108225,0.1518212728395237,0.6518132049231067,7호선,광진구
237,도봉차량사업소,7,건대입구,2729,0.8225108225108225,0.1518212728395237,0.6518132049231067,2호선,광진구
222,도봉차량사업소,7,노원,2715,0.2424242424242424,0.0984120245554406,0.6811878481908147,4호선,노원구
235,도봉차량사업소,7,군자,2727,0.7402597402597403,0.0623994491463451,0.6518132049231067,7호선,광진구
222,도봉차량사업소,7,노원,2715,0.2424242424242424,0.0984120245554406,0.6811878481908147,7호선,노원구
226,도봉차량사업소,7,태릉입구,2719,0.4242424242424242,0.0152727282140356,0.6811878481908147,6호선,노원구
226,도봉차량사업소,7,태릉입구,2719,0.4242424242424242,0.0152727282140356,0.6811878481908147,7호선,노원구
227,도봉차량사업소,7,태릉입구,2719,0.4242424242424242,0.0348347633180131,0.6811878481908147,6호선,노원구
227,도봉차량사업소,7,태릉입구,2719,0.4242424242424242,0.0348347633180131,0.6811878481908147,7호선,노원구
218,도봉차량사업소,7,장암,2711,0.0,,,7호선,의정부시
266,모란차량사업소,8,석촌,2816,0.327683615819209,0.0088012332080883,0.6796041577902294,8호선,송파구
264,모란차량사업소,8,몽촌토성,2814,0.2146892655367231,0.004659476404282,0.6796041577902294,8호선,송파구
263,모란차량사업소,8,강동구청,2813,0.1242937853107344,0.0195568579079727,0.4074586190541267,8호선,강동구
266,모란차량사업소,8,석촌,2816,0.327683615819209,0.0088012332080883,0.6796041577902294,9호선,송파구
269,모란차량사업소,8,문정,2819,0.4745762711864407,0.0038828970035683,0.6796041577902294,8호선,송파구
273,모란차량사업소,8,산성,2822,0.728813559322034,0.0038828970035683,,8호선,성남시
271,모란차량사업소,8,복정,2821,0.5762711864406779,0.0064714950059473,0.6796041577902294,8호선,송파구
272,모란차량사업소,8,남위례,2828,0.6610169491525423,,,8호선,성남시
274,모란차량사업소,8,남한산성입구,2823,0.8022598870056497,0.0256724206885929,,8호선,성남시
275,모란차량사업소,8,단대오거리,2824,0.847457627118644,0.0256788921835989,,8호선,성남시
276,모란차량사업소,8,신흥,2825,0.8926553672316384,0.0051771960047578,,8호선,성남시
277,모란차량사업소,8,수진,2826,0.943502824858757,0.0051771960047578,,8호선,성남시
278,모란차량사업소,8,모란,2827,1.0,0.0064714950059473,,8호선,성남시
270,모란차량사업소,8,장지,2820,0.5254237288135594,0.0437602492302156,0.6796041577902294,8호선,송파구
261,모란차량사업소,8,암사,2811,0.0,0.0219215421831459,0.4074586190541267,8호선,강동구
267,모란차량사업소,8,송파,2817,0.3785310734463277,0.0064805550989556,0.6796041577902294,8호선,송파구
265,모란차량사업소,8,잠실,2815,0.2598870056497175,0.269174068978371,0.6796041577902294,8호선,송파구
262,모란차량사업소,8,천호,2812,0.0734463276836158,,0.4074586190541267,8호선,강동구
262,모란차량사업소,8,천호,2812,0.0734463276836158,,0.4074586190541267,5호선,강동구
268,모란차량사업소,8,가락시장,2818,0.423728813559322,0.0207152555140373,0.6796041577902294,3호선,송파구
268,모란차량사업소,8,가락시장,2818,0.423728813559322,0.0207152555140373,0.6796041577902294,8호선,송파구
265,모란차량사업소,8,잠실,2815,0.2598870056497175,0.269174068978371,0.6796041577902294,2호선,송파구
292,김포차량사업소,9,국회의사당,4114,0.394088669950739,,,,
294,김포차량사업소,9,샛강,4116,0.435960591133005,,,,
295,김포차량사업소,9,노량진,4117,0.4655172413793104,,,,
296,김포차량사업소,9,노들,4118,0.4926108374384237,,,,
297,김포차량사업소,9,흑석,4119,0.519704433497537,,,,
299,김포차량사업소,9,구반포,4121,0.5788177339901479,,,,
300,김포차량사업소,9,신반포,4122,0.5960591133004927,,,,
302,김포차량사업소,9,사평,4124,0.642857142857143,,,,
303,김포차량사업소,9,신논현,4125,0.665024630541872,,,,
314,김포차량사업소,9,올림픽공원,4136,0.9334975369458128,,0.6796041577902294,9호선,송파구
290,김포차량사업소,9,선유도,4112,0.332512315270936,,,,
305,김포차량사업소,9,선정릉,4127,0.706896551724138,,0.536091259154454,9호선,강남구
306,김포차량사업소,9,삼성중앙,4128,0.726600985221675,,0.536091259154454,9호선,강남구
307,김포차량사업소,9,봉은사,4129,0.746305418719212,,0.536091259154454,9호선,강남구
309,김포차량사업소,9,삼전,4131,0.8152709359605913,,0.6796041577902294,9호선,송파구
310,김포차량사업소,9,석촌고분,4132,0.8349753694581282,,0.6796041577902294,9호선,송파구
312,김포차량사업소,9,송파나루,4134,0.8793103448275863,,0.6796041577902294,9호선,송파구
313,김포차량사업소,9,한성백제,4135,0.8990147783251231,,0.6796041577902294,9호선,송파구
304,김포차량사업소,9,언주,4126,0.684729064039409,,0.536091259154454,9호선,강남구
289,김포차량사업소,9,신목동,4111,0.3029556650246306,,,,
285,김포차량사업소,9,가양,4107,0.2167487684729064,,,,
287,김포차량사업소,9,등촌,4109,0.2586206896551725,,,,
301,김포차량사업소,9,고속터미널,4123,0.6157635467980297,,,3호선,서초구
301,김포차량사업소,9,고속터미널,4123,0.6157635467980297,,,7호선,서초구
291,김포차량사업소,9,당산,4113,0.3571428571428572,,,2호선,영등포구
311,김포차량사업소,9,석촌,4133,0.8596059113300494,,0.6796041577902294,8호선,송파구
311,김포차량사업소,9,석촌,4133,0.8596059113300494,,0.6796041577902294,9호선,송파구
308,김포차량사업소,9,종합운동장,4130,0.7807881773399016,,0.6796041577902294,9호선,송파구
308,김포차량사업소,9,종합운동장,4130,0.7807881773399016,,0.6796041577902294,2호선,송파구
293,김포차량사업소,9,여의도,4115,0.416256157635468,,,5호선,영등포구
288,김포차량사업소,9,염창,4110,0.2807881773399015,,,,
315,김포차량사업소,9,둔촌오륜,4137,0.958128078817734,,0.4074586190541267,9호선,강동구
280,김포차량사업소,9,김포공항,4102,0.0886699507389162,,,5호선,강서구
279,김포차량사업소,9,개화,4101,0.0,,,,
281,김포차량사업소,9,공항시장,4103,0.1083743842364532,,,,
282,김포차량사업소,9,신방화,4104,0.1280788177339901,,,,
283,김포차량사업소,9,마곡나루,4105,0.1502463054187192,,,,
284,김포차량사업소,9,양천향교,4106,0.1847290640394089,,,,
314,김포차량사업소,9,올림픽공원,4136,0.9334975369458128,,0.6796041577902294,5호선,송파구
286,김포차량사업소,9,증미,4108,0.2339901477832512,,,,
298,김포차량사업소,9,동작,4120,0.5541871921182268,,,4호선,동작구
316,김포차량사업소,9,중앙보훈병원,4138,1.0,,0.4074586190541267,9호선,강동구
